{"cameraMode":{"drawMode":0,"name":"Shaded","section":"Shading Mode"},"sceneLighting":true,"audioPlay":false,"sceneViewState":{"m_AlwaysRefresh":false,"showFog":true,"showSkybox":true,"showFlares":true,"showImageEffects":true,"showParticleSystems":true,"showVisualEffectGraphs":true,"m_FxEnabled":true},"in2DMode":false,"pivot":{"x":27.412376403808595,"y":1.5203971862792969,"z":14.718965530395508},"rotation":{"x":-0.4761786162853241,"y":0.24458838999271394,"z":-0.13981735706329347,"w":-0.8329960703849793},"size":12.688024520874024,"orthographic":false}